name;unit of energy;unit of power
coal;MWh;MW
mfrrResDown;MWh;MW
syncResDown;MWh;MW
co2;t;t
oil;MWh;MW
electricity;MWh;MW
gas;MWh;MW
mfrrResUp;MWh;MW
lignite;MWh;MW
biomass;MWh;MW
hydrogen;MWh;MW
syncResUp;MWh;MW
warmte_combiketel_rv;MWh;MW
warmte_combiketel_wtw;MWh;MW
demand_rv_warmtenetten;MWh;MW
demand_ww_warmtenetten;MWh;MW
demand_rv_combiketels;MWh;MW
demand_ww_combiketels;MWh;MW
demand_rv_wp_waterwater_allelectric;MWh;MW
demand_ww_wp_waterwater_allelectric;MWh;MW
demand_rv_wp_luchtwater_allelectric;MWh;MW
demand_ww_wp_luchtwater_allelectric;MWh;MW
demand_rv_wp_luchtwater_hybride;MWh;MW
demand_ww_wp_luchtwater_hybride;MWh;MW
demand_rv_wp_luchtlucht;MWh;MW
warmte_wkk_industrie;MWh;MW
warmte_wkk_glastuinbouw;MWh;MW
warmte_wkk_utiliteit;MWh;MW
ammonia;MWh;MW
proceswarmte_industrie_elektrificeerbaar;MWh;MW
proceswarmte_industrie_non_elektrificeerbaar;MWh;MW
proceswarmte_industrie;MWh;MW
proceswarmte_industrie_uit_aardgas;MWh;MW
go_ruimteverwarming_combiketel;MWh;MW
go_ruimteverwarming_wp_hybride;MWh;MW
go_warmtapwater_combiketel;MWh;MW
go_warmtapwater_wp_hybride;MWh;MW
demand_warmte_gasboiler_industrie;MWh;MW
