name;asset zone;nodelabel;longitude;latitude
GB;GB;GB;3.0912;51.92995115422347
AT;AT;AT;3.373107;52.087717
SE;SE;SE;3.373107;52.087717
ES;ES;ES;3.373107;52.087717
IE;IE;IE;3.373107;52.087717
NI;NI;NI;3.373107;52.087717
DE;DE;DE;8.191861;51.955924
CH;CH;CH;3.373107;52.087717
PT;PT;PT;3.373107;52.087717
BE;BE;BE;4.832317;51.00922717033165
NO;NO;NO;8.191861;52.86981
FRANCE;FRANCE;FRANCE;3.373107;52.087717
IT;IT;IT;3.373107;52.087717
LU;LU;LU;3.373107;52.087717
DK;DK;DK;8.191861;53.314883
Zuid-Holland;Zuid-Holland;ZH;4.24892210172243;51.92995115422347
Noord-Holland;Noord-Holland;NH;4.635332684452391;52.53267817716529
Groningen;Groningen;GR;6.731402820653165;53.26018935304156
Utrecht;Utrecht;UT;5.318710597938798;52.18860897922
Gelderland;Gelderland;GL;6.05113633904379;52.06173793055159
Zeeland;Zeeland;ZL;3.8151606043260906;51.47812039775386
Noord-Brabant;Noord-Brabant;NB;5.184940670889689;51.76117370842417
Overijssel;Overijssel;OV;6.872597289430611;52.34341886106633
Fryslan;Fryslan;FR;5.692637706218871;53.15277306729693
Drenthe;Drenthe;DR;6.361271170154268;52.78206050540893
Flevoland;Flevoland;FL;5.575162312735202;52.65038200110634
Limburg;Limburg;LB;5.733871097531582;51.00922717033165
Wind-Op-Zee;Wind-Op-Zee;NZ;3.120747926696792;53.3581102193826
